<annotation>
	<folder>Wearing_Earrings_250</folder>
	<filename>000341.jpg</filename>
	<path>/Users/matusko/Pictures/Wearing_Earrings_250/000341.jpg</path>
	<source>
		<database>Unknown</database>
	</source>
	<size>
		<width>178</width>
		<height>218</height>
		<depth>3</depth>
	</size>
	<segmented>0</segmented>
	<object>
		<name>earring</name>
		<pose>Unspecified</pose>
		<truncated>0</truncated>
		<difficult>0</difficult>
		<bndbox>
			<xmin>67</xmin>
			<ymin>175</ymin>
			<xmax>75</xmax>
			<ymax>198</ymax>
		</bndbox>
	</object>
	<object>
		<name>earring</name>
		<pose>Unspecified</pose>
		<truncated>0</truncated>
		<difficult>0</difficult>
		<bndbox>
			<xmin>138</xmin>
			<ymin>143</ymin>
			<xmax>156</xmax>
			<ymax>196</ymax>
		</bndbox>
	</object>
</annotation>
