<annotation>
	<folder>Wearing_Earrings_250</folder>
	<filename>000384.jpg</filename>
	<path>/Users/matusko/Pictures/Wearing_Earrings_250/000384.jpg</path>
	<source>
		<database>Unknown</database>
	</source>
	<size>
		<width>178</width>
		<height>218</height>
		<depth>3</depth>
	</size>
	<segmented>0</segmented>
	<object>
		<name>earring</name>
		<pose>Unspecified</pose>
		<truncated>0</truncated>
		<difficult>0</difficult>
		<bndbox>
			<xmin>51</xmin>
			<ymin>147</ymin>
			<xmax>60</xmax>
			<ymax>177</ymax>
		</bndbox>
	</object>
	<object>
		<name>earring</name>
		<pose>Unspecified</pose>
		<truncated>0</truncated>
		<difficult>0</difficult>
		<bndbox>
			<xmin>134</xmin>
			<ymin>143</ymin>
			<xmax>144</xmax>
			<ymax>179</ymax>
		</bndbox>
	</object>
</annotation>
