<annotation>
	<folder>Wearing_Earrings_250</folder>
	<filename>000420.jpg</filename>
	<path>/Users/matusko/Pictures/Wearing_Earrings_250/000420.jpg</path>
	<source>
		<database>Unknown</database>
	</source>
	<size>
		<width>178</width>
		<height>218</height>
		<depth>3</depth>
	</size>
	<segmented>0</segmented>
	<object>
		<name>earring</name>
		<pose>Unspecified</pose>
		<truncated>0</truncated>
		<difficult>0</difficult>
		<bndbox>
			<xmin>125</xmin>
			<ymin>153</ymin>
			<xmax>142</xmax>
			<ymax>211</ymax>
		</bndbox>
	</object>
</annotation>
