<annotation>
	<folder>Wearing_Earrings_250</folder>
	<filename>000419.jpg</filename>
	<path>/Users/matusko/Pictures/Wearing_Earrings_250/000419.jpg</path>
	<source>
		<database>Unknown</database>
	</source>
	<size>
		<width>178</width>
		<height>218</height>
		<depth>3</depth>
	</size>
	<segmented>0</segmented>
	<object>
		<name>earring</name>
		<pose>Unspecified</pose>
		<truncated>0</truncated>
		<difficult>0</difficult>
		<bndbox>
			<xmin>39</xmin>
			<ymin>151</ymin>
			<xmax>55</xmax>
			<ymax>172</ymax>
		</bndbox>
	</object>
	<object>
		<name>earring</name>
		<pose>Unspecified</pose>
		<truncated>0</truncated>
		<difficult>0</difficult>
		<bndbox>
			<xmin>123</xmin>
			<ymin>147</ymin>
			<xmax>133</xmax>
			<ymax>170</ymax>
		</bndbox>
	</object>
</annotation>
