<annotation>
	<folder>Wearing_Earrings_250</folder>
	<filename>000424.jpg</filename>
	<path>/Users/matusko/Pictures/Wearing_Earrings_250/000424.jpg</path>
	<source>
		<database>Unknown</database>
	</source>
	<size>
		<width>178</width>
		<height>218</height>
		<depth>3</depth>
	</size>
	<segmented>0</segmented>
	<object>
		<name>earring</name>
		<pose>Unspecified</pose>
		<truncated>0</truncated>
		<difficult>0</difficult>
		<bndbox>
			<xmin>30</xmin>
			<ymin>141</ymin>
			<xmax>44</xmax>
			<ymax>174</ymax>
		</bndbox>
	</object>
	<object>
		<name>earring</name>
		<pose>Unspecified</pose>
		<truncated>0</truncated>
		<difficult>0</difficult>
		<bndbox>
			<xmin>120</xmin>
			<ymin>134</ymin>
			<xmax>134</xmax>
			<ymax>168</ymax>
		</bndbox>
	</object>
</annotation>
