<annotation>
	<folder>Wearing_Earrings_250</folder>
	<filename>000435.jpg</filename>
	<path>/Users/matusko/Pictures/Wearing_Earrings_250/000435.jpg</path>
	<source>
		<database>Unknown</database>
	</source>
	<size>
		<width>178</width>
		<height>218</height>
		<depth>3</depth>
	</size>
	<segmented>0</segmented>
	<object>
		<name>earring</name>
		<pose>Unspecified</pose>
		<truncated>0</truncated>
		<difficult>0</difficult>
		<bndbox>
			<xmin>35</xmin>
			<ymin>137</ymin>
			<xmax>48</xmax>
			<ymax>150</ymax>
		</bndbox>
	</object>
	<object>
		<name>earring</name>
		<pose>Unspecified</pose>
		<truncated>0</truncated>
		<difficult>0</difficult>
		<bndbox>
			<xmin>130</xmin>
			<ymin>136</ymin>
			<xmax>139</xmax>
			<ymax>149</ymax>
		</bndbox>
	</object>
</annotation>
