<annotation>
	<folder>Wearing_Earrings_250</folder>
	<filename>000595.jpg</filename>
	<path>/Users/matusko/Pictures/Wearing_Earrings_250/000595.jpg</path>
	<source>
		<database>Unknown</database>
	</source>
	<size>
		<width>178</width>
		<height>218</height>
		<depth>3</depth>
	</size>
	<segmented>0</segmented>
	<object>
		<name>earring</name>
		<pose>Unspecified</pose>
		<truncated>0</truncated>
		<difficult>0</difficult>
		<bndbox>
			<xmin>34</xmin>
			<ymin>146</ymin>
			<xmax>47</xmax>
			<ymax>202</ymax>
		</bndbox>
	</object>
	<object>
		<name>earring</name>
		<pose>Unspecified</pose>
		<truncated>0</truncated>
		<difficult>0</difficult>
		<bndbox>
			<xmin>126</xmin>
			<ymin>146</ymin>
			<xmax>139</xmax>
			<ymax>195</ymax>
		</bndbox>
	</object>
</annotation>
