<annotation>
	<folder>Wearing_Earrings_250</folder>
	<filename>000550.jpg</filename>
	<path>/Users/matusko/Pictures/Wearing_Earrings_250/000550.jpg</path>
	<source>
		<database>Unknown</database>
	</source>
	<size>
		<width>178</width>
		<height>218</height>
		<depth>3</depth>
	</size>
	<segmented>0</segmented>
	<object>
		<name>earring</name>
		<pose>Unspecified</pose>
		<truncated>0</truncated>
		<difficult>0</difficult>
		<bndbox>
			<xmin>123</xmin>
			<ymin>126</ymin>
			<xmax>135</xmax>
			<ymax>160</ymax>
		</bndbox>
	</object>
	<object>
		<name>earring</name>
		<pose>Unspecified</pose>
		<truncated>0</truncated>
		<difficult>0</difficult>
		<bndbox>
			<xmin>48</xmin>
			<ymin>129</ymin>
			<xmax>58</xmax>
			<ymax>162</ymax>
		</bndbox>
	</object>
</annotation>
