<annotation>
	<folder>Wearing_Earrings_250</folder>
	<filename>000619.jpg</filename>
	<path>/Users/matusko/Pictures/Wearing_Earrings_250/000619.jpg</path>
	<source>
		<database>Unknown</database>
	</source>
	<size>
		<width>178</width>
		<height>218</height>
		<depth>3</depth>
	</size>
	<segmented>0</segmented>
	<object>
		<name>earring</name>
		<pose>Unspecified</pose>
		<truncated>0</truncated>
		<difficult>0</difficult>
		<bndbox>
			<xmin>39</xmin>
			<ymin>129</ymin>
			<xmax>50</xmax>
			<ymax>141</ymax>
		</bndbox>
	</object>
	<object>
		<name>earring</name>
		<pose>Unspecified</pose>
		<truncated>0</truncated>
		<difficult>0</difficult>
		<bndbox>
			<xmin>122</xmin>
			<ymin>127</ymin>
			<xmax>131</xmax>
			<ymax>139</ymax>
		</bndbox>
	</object>
</annotation>
