<annotation>
	<folder>Wearing_Earrings_250</folder>
	<filename>000618.jpg</filename>
	<path>/Users/matusko/Pictures/Wearing_Earrings_250/000618.jpg</path>
	<source>
		<database>Unknown</database>
	</source>
	<size>
		<width>178</width>
		<height>218</height>
		<depth>3</depth>
	</size>
	<segmented>0</segmented>
	<object>
		<name>earring</name>
		<pose>Unspecified</pose>
		<truncated>0</truncated>
		<difficult>0</difficult>
		<bndbox>
			<xmin>38</xmin>
			<ymin>138</ymin>
			<xmax>49</xmax>
			<ymax>173</ymax>
		</bndbox>
	</object>
	<object>
		<name>earring</name>
		<pose>Unspecified</pose>
		<truncated>0</truncated>
		<difficult>0</difficult>
		<bndbox>
			<xmin>129</xmin>
			<ymin>139</ymin>
			<xmax>141</xmax>
			<ymax>177</ymax>
		</bndbox>
	</object>
</annotation>
