<annotation>
	<folder>Wearing_Earrings_250</folder>
	<filename>000786.jpg</filename>
	<path>/Users/matusko/Pictures/Wearing_Earrings_250/000786.jpg</path>
	<source>
		<database>Unknown</database>
	</source>
	<size>
		<width>178</width>
		<height>218</height>
		<depth>3</depth>
	</size>
	<segmented>0</segmented>
	<object>
		<name>earring</name>
		<pose>Unspecified</pose>
		<truncated>0</truncated>
		<difficult>0</difficult>
		<bndbox>
			<xmin>27</xmin>
			<ymin>142</ymin>
			<xmax>50</xmax>
			<ymax>179</ymax>
		</bndbox>
	</object>
	<object>
		<name>earring</name>
		<pose>Unspecified</pose>
		<truncated>0</truncated>
		<difficult>0</difficult>
		<bndbox>
			<xmin>120</xmin>
			<ymin>141</ymin>
			<xmax>138</xmax>
			<ymax>184</ymax>
		</bndbox>
	</object>
</annotation>
