<annotation>
	<folder>Wearing_Earrings_250</folder>
	<filename>000742.jpg</filename>
	<path>/Users/matusko/Pictures/Wearing_Earrings_250/000742.jpg</path>
	<source>
		<database>Unknown</database>
	</source>
	<size>
		<width>178</width>
		<height>218</height>
		<depth>3</depth>
	</size>
	<segmented>0</segmented>
	<object>
		<name>earring</name>
		<pose>Unspecified</pose>
		<truncated>0</truncated>
		<difficult>0</difficult>
		<bndbox>
			<xmin>38</xmin>
			<ymin>141</ymin>
			<xmax>52</xmax>
			<ymax>153</ymax>
		</bndbox>
	</object>
	<object>
		<name>earring</name>
		<pose>Unspecified</pose>
		<truncated>0</truncated>
		<difficult>0</difficult>
		<bndbox>
			<xmin>127</xmin>
			<ymin>140</ymin>
			<xmax>138</xmax>
			<ymax>159</ymax>
		</bndbox>
	</object>
</annotation>
