<annotation>
	<folder>Wearing_Earrings_250</folder>
	<filename>000740.jpg</filename>
	<path>/Users/matusko/Pictures/Wearing_Earrings_250/000740.jpg</path>
	<source>
		<database>Unknown</database>
	</source>
	<size>
		<width>178</width>
		<height>218</height>
		<depth>3</depth>
	</size>
	<segmented>0</segmented>
	<object>
		<name>earring</name>
		<pose>Unspecified</pose>
		<truncated>0</truncated>
		<difficult>0</difficult>
		<bndbox>
			<xmin>33</xmin>
			<ymin>143</ymin>
			<xmax>59</xmax>
			<ymax>199</ymax>
		</bndbox>
	</object>
	<object>
		<name>earring</name>
		<pose>Unspecified</pose>
		<truncated>0</truncated>
		<difficult>0</difficult>
		<bndbox>
			<xmin>125</xmin>
			<ymin>148</ymin>
			<xmax>137</xmax>
			<ymax>194</ymax>
		</bndbox>
	</object>
</annotation>
