<annotation>
	<folder>Wearing_Earrings_250</folder>
	<filename>000800.jpg</filename>
	<path>/Users/matusko/Pictures/Wearing_Earrings_250/000800.jpg</path>
	<source>
		<database>Unknown</database>
	</source>
	<size>
		<width>178</width>
		<height>218</height>
		<depth>3</depth>
	</size>
	<segmented>0</segmented>
	<object>
		<name>earring</name>
		<pose>Unspecified</pose>
		<truncated>0</truncated>
		<difficult>0</difficult>
		<bndbox>
			<xmin>32</xmin>
			<ymin>149</ymin>
			<xmax>57</xmax>
			<ymax>177</ymax>
		</bndbox>
	</object>
	<object>
		<name>earring</name>
		<pose>Unspecified</pose>
		<truncated>0</truncated>
		<difficult>0</difficult>
		<bndbox>
			<xmin>118</xmin>
			<ymin>152</ymin>
			<xmax>135</xmax>
			<ymax>177</ymax>
		</bndbox>
	</object>
</annotation>
