<annotation>
	<folder>Wearing_Earrings_250</folder>
	<filename>000811.jpg</filename>
	<path>/Users/matusko/Pictures/Wearing_Earrings_250/000811.jpg</path>
	<source>
		<database>Unknown</database>
	</source>
	<size>
		<width>178</width>
		<height>218</height>
		<depth>3</depth>
	</size>
	<segmented>0</segmented>
	<object>
		<name>earring</name>
		<pose>Unspecified</pose>
		<truncated>0</truncated>
		<difficult>0</difficult>
		<bndbox>
			<xmin>55</xmin>
			<ymin>148</ymin>
			<xmax>64</xmax>
			<ymax>205</ymax>
		</bndbox>
	</object>
	<object>
		<name>earring</name>
		<pose>Unspecified</pose>
		<truncated>0</truncated>
		<difficult>0</difficult>
		<bndbox>
			<xmin>135</xmin>
			<ymin>142</ymin>
			<xmax>148</xmax>
			<ymax>203</ymax>
		</bndbox>
	</object>
</annotation>
