<annotation>
	<folder>ear</folder>
	<filename>000963.jpg</filename>
	<path>/Users/matusko/Pictures/new_13.5/ear/000963.jpg</path>
	<source>
		<database>Unknown</database>
	</source>
	<size>
		<width>178</width>
		<height>218</height>
		<depth>3</depth>
	</size>
	<segmented>0</segmented>
	<object>
		<name>earring</name>
		<pose>Unspecified</pose>
		<truncated>0</truncated>
		<difficult>0</difficult>
		<bndbox>
			<xmin>17</xmin>
			<ymin>143</ymin>
			<xmax>42</xmax>
			<ymax>178</ymax>
		</bndbox>
	</object>
	<object>
		<name>earring</name>
		<pose>Unspecified</pose>
		<truncated>0</truncated>
		<difficult>0</difficult>
		<bndbox>
			<xmin>119</xmin>
			<ymin>143</ymin>
			<xmax>142</xmax>
			<ymax>175</ymax>
		</bndbox>
	</object>
</annotation>
