<annotation>
	<folder>ear</folder>
	<filename>000974.jpg</filename>
	<path>/Users/matusko/Pictures/new_13.5/ear/000974.jpg</path>
	<source>
		<database>Unknown</database>
	</source>
	<size>
		<width>178</width>
		<height>218</height>
		<depth>3</depth>
	</size>
	<segmented>0</segmented>
	<object>
		<name>earring</name>
		<pose>Unspecified</pose>
		<truncated>0</truncated>
		<difficult>0</difficult>
		<bndbox>
			<xmin>141</xmin>
			<ymin>155</ymin>
			<xmax>155</xmax>
			<ymax>174</ymax>
		</bndbox>
	</object>
	<object>
		<name>earring</name>
		<pose>Unspecified</pose>
		<truncated>0</truncated>
		<difficult>0</difficult>
		<bndbox>
			<xmin>43</xmin>
			<ymin>161</ymin>
			<xmax>58</xmax>
			<ymax>182</ymax>
		</bndbox>
	</object>
</annotation>
