<annotation>
	<folder>ear</folder>
	<filename>001039.jpg</filename>
	<path>/Users/matusko/Pictures/new_13.5/ear/001039.jpg</path>
	<source>
		<database>Unknown</database>
	</source>
	<size>
		<width>178</width>
		<height>218</height>
		<depth>3</depth>
	</size>
	<segmented>0</segmented>
	<object>
		<name>earring</name>
		<pose>Unspecified</pose>
		<truncated>0</truncated>
		<difficult>0</difficult>
		<bndbox>
			<xmin>44</xmin>
			<ymin>141</ymin>
			<xmax>60</xmax>
			<ymax>167</ymax>
		</bndbox>
	</object>
	<object>
		<name>earring</name>
		<pose>Unspecified</pose>
		<truncated>0</truncated>
		<difficult>0</difficult>
		<bndbox>
			<xmin>134</xmin>
			<ymin>137</ymin>
			<xmax>149</xmax>
			<ymax>184</ymax>
		</bndbox>
	</object>
</annotation>
