<annotation>
	<folder>ear</folder>
	<filename>001128.jpg</filename>
	<path>/Users/matusko/Pictures/new_13.5/ear/001128.jpg</path>
	<source>
		<database>Unknown</database>
	</source>
	<size>
		<width>178</width>
		<height>218</height>
		<depth>3</depth>
	</size>
	<segmented>0</segmented>
	<object>
		<name>earring</name>
		<pose>Unspecified</pose>
		<truncated>0</truncated>
		<difficult>0</difficult>
		<bndbox>
			<xmin>139</xmin>
			<ymin>137</ymin>
			<xmax>162</xmax>
			<ymax>179</ymax>
		</bndbox>
	</object>
</annotation>
