<annotation>
	<folder>ear</folder>
	<filename>001103.jpg</filename>
	<path>/Users/matusko/Pictures/new_13.5/ear/001103.jpg</path>
	<source>
		<database>Unknown</database>
	</source>
	<size>
		<width>178</width>
		<height>218</height>
		<depth>3</depth>
	</size>
	<segmented>0</segmented>
	<object>
		<name>earring</name>
		<pose>Unspecified</pose>
		<truncated>0</truncated>
		<difficult>0</difficult>
		<bndbox>
			<xmin>137</xmin>
			<ymin>135</ymin>
			<xmax>149</xmax>
			<ymax>157</ymax>
		</bndbox>
	</object>
</annotation>
