<annotation>
	<folder>Goatee_250</folder>
	<filename>001538.jpg</filename>
	<path>/Users/matusko/Pictures/Goatee_250/001538.jpg</path>
	<source>
		<database>Unknown</database>
	</source>
	<size>
		<width>178</width>
		<height>218</height>
		<depth>3</depth>
	</size>
	<segmented>0</segmented>
	<object>
		<name>goatee</name>
		<pose>Unspecified</pose>
		<truncated>0</truncated>
		<difficult>0</difficult>
		<bndbox>
			<xmin>60</xmin>
			<ymin>142</ymin>
			<xmax>119</xmax>
			<ymax>185</ymax>
		</bndbox>
	</object>
</annotation>
