<annotation>
	<folder>Goatee_250</folder>
	<filename>002151.jpg</filename>
	<path>/Users/matusko/Pictures/Goatee_250/002151.jpg</path>
	<source>
		<database>Unknown</database>
	</source>
	<size>
		<width>178</width>
		<height>218</height>
		<depth>3</depth>
	</size>
	<segmented>0</segmented>
	<object>
		<name>goatee</name>
		<pose>Unspecified</pose>
		<truncated>0</truncated>
		<difficult>0</difficult>
		<bndbox>
			<xmin>62</xmin>
			<ymin>140</ymin>
			<xmax>116</xmax>
			<ymax>195</ymax>
		</bndbox>
	</object>
</annotation>
