<annotation>
	<folder>Mustache_250</folder>
	<filename>004242.jpg</filename>
	<path>/Users/matusko/Pictures/Mustache_250/004242.jpg</path>
	<source>
		<database>Unknown</database>
	</source>
	<size>
		<width>178</width>
		<height>218</height>
		<depth>3</depth>
	</size>
	<segmented>0</segmented>
	<object>
		<name>mustache</name>
		<pose>Unspecified</pose>
		<truncated>0</truncated>
		<difficult>0</difficult>
		<bndbox>
			<xmin>66</xmin>
			<ymin>144</ymin>
			<xmax>112</xmax>
			<ymax>155</ymax>
		</bndbox>
	</object>
</annotation>
