<annotation>
	<folder>Bald_250</folder>
	<filename>007572.jpg</filename>
	<path>/Users/matusko/Pictures/Bald_250/007572.jpg</path>
	<source>
		<database>Unknown</database>
	</source>
	<size>
		<width>178</width>
		<height>218</height>
		<depth>3</depth>
	</size>
	<segmented>0</segmented>
	<object>
		<name>bald</name>
		<pose>Unspecified</pose>
		<truncated>0</truncated>
		<difficult>0</difficult>
		<bndbox>
			<xmin>40</xmin>
			<ymin>40</ymin>
			<xmax>130</xmax>
			<ymax>79</ymax>
		</bndbox>
	</object>
</annotation>
